{
    "shape18471219_10207457209148899_284175474_n": {
        "height": 0.10064412238325282, 
        "key": "shape18471219_10207457209148899_284175474_n", 
        "width": 0.04345857854232685, 
        "x": 0.6382978723404256, 
        "y": 0.3993558776167472
    }, 
    "shapeloideasset": {
        "height": 0.1321256038647343, 
        "key": "shapeloideasset", 
        "width": 0.05151652331371661, 
        "x": 0.339972838388411, 
        "y": 0.43389694041867966
    }, 
    "shapeodetteasset": {
        "height": 0.1321256038647343, 
        "key": "shapeodetteasset", 
        "width": 0.05119963784517881, 
        "x": 0.23856948845631507, 
        "y": 0.5377616747181965
    }, 
    "sliceBG": {
        "height": 1.0, 
        "key": "sliceBG", 
        "width": 0.9995473064735174, 
        "x": 0.0, 
        "y": 0.0
    }, 
    "sliceBig Star": {
        "height": 0.07793880837359098, 
        "key": "sliceBig Star", 
        "width": 0.0438207333635129, 
        "x": 0.5251244907197827, 
        "y": 0.9276972624798712
    }, 
    "sliceSmall Star": {
        "height": 0.04557165861513688, 
        "key": "sliceSmall Star", 
        "width": 0.02557718424626528, 
        "x": 0.37990040742417386, 
        "y": 0.9438003220611916
    }, 
    "sliceUnfilledwholebar": {
        "height": 0.020128824476650563, 
        "key": "sliceUnfilledwholebar", 
        "width": 0.4997736532367587, 
        "x": 0.2494341330918968, 
        "y": 0.9557165861513688
    }, 
    "sliceWhitefillexample": {
        "height": 0.020128824476650563, 
        "key": "sliceWhitefillexample", 
        "width": 0.2761430511543685, 
        "x": 0.2494341330918968, 
        "y": 0.9557165861513688
    }, 
    "slicebottom cloud border": {
        "height": 0.4152979066022544, 
        "key": "slicebottom cloud border", 
        "width": 0.9995473064735174, 
        "x": 0.0, 
        "y": -0.19871175523349438
    }, 
    "slicenumberglow": {
        "height": 0.15217391304347827, 
        "key": "slicenumberglow", 
        "width": 0.1448619284744228, 
        "x": -0.005885015844273427, 
        "y": 0.8784219001610305
    }, 
    "slicepaintedpause": {
        "height": 0.05877616747181964, 
        "key": "slicepaintedpause", 
        "width": 0.039384336803983705, 
        "x": 0.9330013580805795, 
        "y": 0.9202898550724637
    }, 
    "slicepauseglow": {
        "height": 0.2286634460547504, 
        "key": "slicepauseglow", 
        "width": 0.13354459031235855, 
        "x": 0.8832050701674966, 
        "y": 0.8260869565217391
    }, 
    "slicesegmentedbar": {
        "height": 0.04428341384863124, 
        "key": "slicesegmentedbar", 
        "width": 0.48845631507469445, 
        "x": 0.2557718424626528, 
        "y": 0.8454106280193237
    }, 
    "slicetopcloudborder": {
        "height": 0.4152979066022544, 
        "key": "slicetopcloudborder", 
        "width": 0.9995473064735174, 
        "x": 0.0, 
        "y": 0.740901771336554
    }, 
    "text1-1": {
        "fontKey": "menu_body_font", 
        "height": 0.09017713365539452, 
        "key": "text1-1", 
        "type": "TEXT", 
        "width": 0.057492077863286556, 
        "x": 0.03757356269805342, 
        "y": 0.9106280193236715
    }
}